{"commitInfo":{"timestamp":1750323225874,"userId":"4042796083082360","userName":"azuser3548_mml.local@techademy.com","operation":"WRITE","operationParameters":{"mode":"Overwrite","statsOnLoad":false,"partitionBy":"[]"},"notebook":{"notebookId":"4419187724732004"},"clusterId":"0612-043650-nhuexwr6","isolationLevel":"WriteSerializable","isBlindAppend":false,"operationMetrics":{"numFiles":"2","numOutputRows":"5","numOutputBytes":"5216"},"tags":{"noRowsCopied":"true","restoresDeletedRows":"false"},"engineInfo":"Databricks-Runtime/15.4.x-photon-scala2.12","txnId":"f7cd6147-fb5f-4d83-95ef-a35f749bc955"}}
{"metaData":{"id":"19df0cde-db8a-4b67-8bd9-9db2c4028478","format":{"provider":"parquet","options":{}},"schemaString":"{\"type\":\"struct\",\"fields\":[{\"name\":\"ItemName\",\"type\":\"string\",\"nullable\":true,\"metadata\":{}},{\"name\":\"Category\",\"type\":\"string\",\"nullable\":true,\"metadata\":{}},{\"name\":\"StockQty\",\"type\":\"integer\",\"nullable\":true,\"metadata\":{}},{\"name\":\"ReorderLevel\",\"type\":\"integer\",\"nullable\":true,\"metadata\":{}},{\"name\":\"TotalStockValue\",\"type\":\"integer\",\"nullable\":true,\"metadata\":{}},{\"name\":\"LastRestocked\",\"type\":\"date\",\"nullable\":true,\"metadata\":{\"__detected_date_formats\":\"yyyy-M-d\"}},{\"name\":\"NeedsReorder\",\"type\":\"boolean\",\"nullable\":true,\"metadata\":{}},{\"name\":\"RestockMonth\",\"type\":\"integer\",\"nullable\":true,\"metadata\":{}},{\"name\":\"StockAge\",\"type\":\"integer\",\"nullable\":true,\"metadata\":{}},{\"name\":\"StockAgeBucket\",\"type\":\"string\",\"nullable\":true,\"metadata\":{}}]}","partitionColumns":[],"configuration":{"delta.enableDeletionVectors":"true"},"createdTime":1750323224585}}
{"protocol":{"minReaderVersion":3,"minWriterVersion":7,"readerFeatures":["deletionVectors"],"writerFeatures":["deletionVectors"]}}
{"add":{"path":"part-00000-a639b327-3224-4cc2-a04c-e470a9beb658.c000.snappy.parquet","partitionValues":{},"size":2718,"modificationTime":1750323225419,"dataChange":true,"stats":"{\"numRecords\":4,\"minValues\":{\"ItemName\":\"LED TV\",\"Category\":\"Appliances\",\"StockQty\":8,\"ReorderLevel\":5,\"TotalStockValue\":24000,\"LastRestocked\":\"2024-02-20\",\"RestockMonth\":2,\"StockAge\":446,\"StockAgeBucket\":\"Stale\"},\"maxValues\":{\"ItemName\":\"Refrigerator\",\"Category\":\"Furniture\",\"StockQty\":70,\"ReorderLevel\":20,\"TotalStockValue\":1500000,\"LastRestocked\":\"2024-03-30\",\"RestockMonth\":3,\"StockAge\":485,\"StockAgeBucket\":\"Stale\"},\"nullCount\":{\"ItemName\":0,\"Category\":0,\"StockQty\":2,\"ReorderLevel\":0,\"TotalStockValue\":0,\"LastRestocked\":0,\"NeedsReorder\":2,\"RestockMonth\":0,\"StockAge\":0,\"StockAgeBucket\":0},\"tightBounds\":true}","tags":{"INSERTION_TIME":"1750323225419000","MIN_INSERTION_TIME":"1750323225419000","MAX_INSERTION_TIME":"1750323225419000","OPTIMIZE_TARGET_SIZE":"268435456"}}}
{"add":{"path":"part-00001-4f32c249-f25e-4de9-887e-a6913ae5e80b.c000.snappy.parquet","partitionValues":{},"size":2498,"modificationTime":1750323225426,"dataChange":true,"stats":"{\"numRecords\":1,\"minValues\":{\"ItemName\":\"Laptop\",\"Category\":\"Electronics\",\"StockQty\":30,\"ReorderLevel\":15,\"TotalStockValue\":700000,\"LastRestocked\":\"2024-04-01\",\"RestockMonth\":4,\"StockAge\":444,\"StockAgeBucket\":\"Stale\"},\"maxValues\":{\"ItemName\":\"Laptop\",\"Category\":\"Electronics\",\"StockQty\":30,\"ReorderLevel\":15,\"TotalStockValue\":700000,\"LastRestocked\":\"2024-04-01\",\"RestockMonth\":4,\"StockAge\":444,\"StockAgeBucket\":\"Stale\"},\"nullCount\":{\"ItemName\":0,\"Category\":0,\"StockQty\":0,\"ReorderLevel\":0,\"TotalStockValue\":0,\"LastRestocked\":0,\"NeedsReorder\":0,\"RestockMonth\":0,\"StockAge\":0,\"StockAgeBucket\":0},\"tightBounds\":true}","tags":{"INSERTION_TIME":"1750323225419001","MIN_INSERTION_TIME":"1750323225419001","MAX_INSERTION_TIME":"1750323225419001","OPTIMIZE_TARGET_SIZE":"268435456"}}}
