{"commitInfo":{"timestamp":1751854916960,"userId":"4042796083082360","userName":"azuser3548_mml.local@techademy.com","operation":"WRITE","operationParameters":{"mode":"Overwrite","statsOnLoad":false,"partitionBy":"[]"},"notebook":{"notebookId":"1928472558543043"},"clusterId":"0612-043650-nhuexwr6","isolationLevel":"WriteSerializable","isBlindAppend":false,"operationMetrics":{"numFiles":"1","numOutputRows":"3","numOutputBytes":"1521"},"tags":{"noRowsCopied":"true","restoresDeletedRows":"false"},"engineInfo":"Databricks-Runtime/15.4.x-photon-scala2.12","txnId":"38c94c9f-9d20-4f32-81ab-178f7a51193d"}}
{"metaData":{"id":"b6883232-d0ed-412a-953c-a6af0d6957f7","format":{"provider":"parquet","options":{}},"schemaString":"{\"type\":\"struct\",\"fields\":[{\"name\":\"user_id\",\"type\":\"string\",\"nullable\":true,\"metadata\":{}},{\"name\":\"year\",\"type\":\"integer\",\"nullable\":true,\"metadata\":{}},{\"name\":\"month\",\"type\":\"integer\",\"nullable\":true,\"metadata\":{}},{\"name\":\"monthly_spend\",\"type\":\"double\",\"nullable\":true,\"metadata\":{}},{\"name\":\"alert\",\"type\":\"string\",\"nullable\":true,\"metadata\":{}}]}","partitionColumns":[],"configuration":{"delta.enableDeletionVectors":"true"},"createdTime":1751854909876}}
{"protocol":{"minReaderVersion":3,"minWriterVersion":7,"readerFeatures":["deletionVectors"],"writerFeatures":["deletionVectors"]}}
{"add":{"path":"part-00000-bdfde25a-044e-4bf4-af19-20c628b3bbd4.c000.snappy.parquet","partitionValues":{},"size":1521,"modificationTime":1751854913455,"dataChange":true,"stats":"{\"numRecords\":3,\"minValues\":{\"user_id\":\"1\",\"year\":2025,\"month\":5,\"monthly_spend\":850.0,\"alert\":\"Normal\"},\"maxValues\":{\"user_id\":\"2\",\"year\":2025,\"month\":6,\"monthly_spend\":4450.0,\"alert\":\"Normal\"},\"nullCount\":{\"user_id\":0,\"year\":0,\"month\":0,\"monthly_spend\":0,\"alert\":0},\"tightBounds\":true}","tags":{"INSERTION_TIME":"1751854913455000","MIN_INSERTION_TIME":"1751854913455000","MAX_INSERTION_TIME":"1751854913455000","OPTIMIZE_TARGET_SIZE":"268435456"}}}
