LogID,VehicleID,EntryPoint,ExitPoint,EntryTime,ExitTime,VehicleType,SpeedKMH,TollPaid,TripDurationMinutes,IsOverspeed,SpeedRank,LastExitTime,IdleTimeMinutes,IsBacktrack,TripType,TripDate
L001,V001,GateA,GateC,2024-05-01T08:01:00.000Z,2024-05-01T08:20:00.000Z,Car,60,50,19.0,false,2,,,false,Medium,2024-05-01
L002,V002,GateB,GateC,2024-05-01T08:10:00.000Z,2024-05-01T08:45:00.000Z,Truck,45,100,35.0,false,1,,,false,Long,2024-05-01
L003,V003,GateA,GateD,2024-05-01T09:00:00.000Z,2024-05-01T09:18:00.000Z,Bike,55,30,18.0,false,1,,,false,Medium,2024-05-01
L004,V004,GateC,GateD,2024-05-01T09:15:00.000Z,2024-05-01T09:35:00.000Z,Car,80,50,20.0,true,1,,,false,Medium,2024-05-01
L005,V005,GateB,GateA,2024-05-01T10:05:00.000Z,2024-05-01T10:40:00.000Z,Bus,40,70,35.0,false,1,,,true,Long,2024-05-01
