{"ItemName":"LED TV","Category":"Electronics","StockQty":70,"ReorderLevel":20,"TotalStockValue":1500000,"LastRestocked":"2024-03-15","NeedsReorder":false,"RestockMonth":3,"StockAge":461,"StockAgeBucket":"Stale"}
{"ItemName":"Office Chair","Category":"Furniture","ReorderLevel":10,"TotalStockValue":240000,"LastRestocked":"2024-03-25","RestockMonth":3,"StockAge":451,"StockAgeBucket":"Stale"}
{"ItemName":"Refrigerator","Category":"Appliances","ReorderLevel":10,"TotalStockValue":125000,"LastRestocked":"2024-02-20","RestockMonth":2,"StockAge":485,"StockAgeBucket":"Stale"}
{"ItemName":"Printer","Category":"Electronics","StockQty":8,"ReorderLevel":5,"TotalStockValue":24000,"LastRestocked":"2024-03-30","NeedsReorder":false,"RestockMonth":3,"StockAge":446,"StockAgeBucket":"Stale"}
