{"commitInfo":{"timestamp":1751855809954,"userId":"4042796083082360","userName":"azuser3548_mml.local@techademy.com","operation":"WRITE","operationParameters":{"mode":"Overwrite","statsOnLoad":false,"partitionBy":"[]"},"notebook":{"notebookId":"1928472558543062"},"clusterId":"0612-043650-nhuexwr6","isolationLevel":"WriteSerializable","isBlindAppend":false,"operationMetrics":{"numFiles":"1","numOutputRows":"8","numOutputBytes":"1196"},"tags":{"noRowsCopied":"true","restoresDeletedRows":"false"},"engineInfo":"Databricks-Runtime/15.4.x-photon-scala2.12","txnId":"4be3d4ce-e9b3-433a-aee9-0c00126d8229"}}
{"metaData":{"id":"03036c91-b673-46c9-9c3c-93639137b2c3","format":{"provider":"parquet","options":{}},"schemaString":"{\"type\":\"struct\",\"fields\":[{\"name\":\"device_id\",\"type\":\"integer\",\"nullable\":true,\"metadata\":{}},{\"name\":\"date\",\"type\":\"string\",\"nullable\":true,\"metadata\":{}},{\"name\":\"daily_kwh\",\"type\":\"double\",\"nullable\":true,\"metadata\":{}}]}","partitionColumns":[],"configuration":{"delta.enableDeletionVectors":"true"},"createdTime":1751855807856}}
{"protocol":{"minReaderVersion":3,"minWriterVersion":7,"readerFeatures":["deletionVectors"],"writerFeatures":["deletionVectors"]}}
{"add":{"path":"part-00000-c339d98f-e3ef-4693-8fb2-c983d100ccdc.c000.snappy.parquet","partitionValues":{},"size":1196,"modificationTime":1751855809355,"dataChange":true,"stats":"{\"numRecords\":8,\"minValues\":{\"device_id\":1,\"date\":\"2025-06-01\",\"daily_kwh\":0.07},\"maxValues\":{\"device_id\":6,\"date\":\"2025-06-02\",\"daily_kwh\":0.75},\"nullCount\":{\"device_id\":0,\"date\":0,\"daily_kwh\":0},\"tightBounds\":true}","tags":{"INSERTION_TIME":"1751855809355000","MIN_INSERTION_TIME":"1751855809355000","MAX_INSERTION_TIME":"1751855809355000","OPTIMIZE_TARGET_SIZE":"268435456"}}}
