{"commitInfo":{"timestamp":1750326558365,"userId":"4042796083082360","userName":"azuser3548_mml.local@techademy.com","operation":"WRITE","operationParameters":{"mode":"Overwrite","statsOnLoad":false,"partitionBy":"[]"},"notebook":{"notebookId":"4419187724732167"},"clusterId":"0612-043650-nhuexwr6","isolationLevel":"WriteSerializable","isBlindAppend":false,"operationMetrics":{"numFiles":"1","numOutputRows":"5","numOutputBytes":"3770"},"tags":{"noRowsCopied":"true","restoresDeletedRows":"false"},"engineInfo":"Databricks-Runtime/15.4.x-photon-scala2.12","txnId":"14f63cb7-17c8-4503-aa9b-3716ef3bd74b"}}
{"metaData":{"id":"4162f95c-bd58-4506-876d-3916bd7722fe","format":{"provider":"parquet","options":{}},"schemaString":"{\"type\":\"struct\",\"fields\":[{\"name\":\"LogID\",\"type\":\"string\",\"nullable\":true,\"metadata\":{}},{\"name\":\"VehicleID\",\"type\":\"string\",\"nullable\":true,\"metadata\":{}},{\"name\":\"EntryPoint\",\"type\":\"string\",\"nullable\":true,\"metadata\":{}},{\"name\":\"ExitPoint\",\"type\":\"string\",\"nullable\":true,\"metadata\":{}},{\"name\":\"EntryTime\",\"type\":\"timestamp\",\"nullable\":true,\"metadata\":{}},{\"name\":\"ExitTime\",\"type\":\"timestamp\",\"nullable\":true,\"metadata\":{}},{\"name\":\"VehicleType\",\"type\":\"string\",\"nullable\":true,\"metadata\":{}},{\"name\":\"SpeedKMH\",\"type\":\"integer\",\"nullable\":true,\"metadata\":{}},{\"name\":\"TollPaid\",\"type\":\"integer\",\"nullable\":true,\"metadata\":{}},{\"name\":\"TripDurationMinutes\",\"type\":\"double\",\"nullable\":true,\"metadata\":{}},{\"name\":\"IsOverspeed\",\"type\":\"boolean\",\"nullable\":true,\"metadata\":{}},{\"name\":\"SpeedRank\",\"type\":\"integer\",\"nullable\":true,\"metadata\":{}},{\"name\":\"LastExitTime\",\"type\":\"timestamp\",\"nullable\":true,\"metadata\":{}},{\"name\":\"IdleTimeMinutes\",\"type\":\"double\",\"nullable\":true,\"metadata\":{}},{\"name\":\"IsBacktrack\",\"type\":\"boolean\",\"nullable\":true,\"metadata\":{}}]}","partitionColumns":[],"configuration":{"delta.enableDeletionVectors":"true"},"createdTime":1750326556858}}
{"protocol":{"minReaderVersion":3,"minWriterVersion":7,"readerFeatures":["deletionVectors"],"writerFeatures":["deletionVectors"]}}
{"add":{"path":"part-00000-8630ce64-4c8c-4a04-975c-c8ce2f38032a.c000.snappy.parquet","partitionValues":{},"size":3770,"modificationTime":1750326557927,"dataChange":true,"stats":"{\"numRecords\":5,\"minValues\":{\"LogID\":\"L001\",\"VehicleID\":\"V001\",\"EntryPoint\":\"GateA\",\"ExitPoint\":\"GateA\",\"EntryTime\":\"2024-05-01T08:01:00.000Z\",\"ExitTime\":\"2024-05-01T08:20:00.000Z\",\"VehicleType\":\"Bike\",\"SpeedKMH\":40,\"TollPaid\":30,\"TripDurationMinutes\":18.0,\"SpeedRank\":1},\"maxValues\":{\"LogID\":\"L005\",\"VehicleID\":\"V005\",\"EntryPoint\":\"GateC\",\"ExitPoint\":\"GateD\",\"EntryTime\":\"2024-05-01T10:05:00.000Z\",\"ExitTime\":\"2024-05-01T10:40:00.000Z\",\"VehicleType\":\"Truck\",\"SpeedKMH\":80,\"TollPaid\":100,\"TripDurationMinutes\":35.0,\"SpeedRank\":2},\"nullCount\":{\"LogID\":0,\"VehicleID\":0,\"EntryPoint\":0,\"ExitPoint\":0,\"EntryTime\":0,\"ExitTime\":0,\"VehicleType\":0,\"SpeedKMH\":0,\"TollPaid\":0,\"TripDurationMinutes\":0,\"IsOverspeed\":0,\"SpeedRank\":0,\"LastExitTime\":5,\"IdleTimeMinutes\":5,\"IsBacktrack\":0},\"tightBounds\":true}","tags":{"INSERTION_TIME":"1750326557927000","MIN_INSERTION_TIME":"1750326557927000","MAX_INSERTION_TIME":"1750326557927000","OPTIMIZE_TARGET_SIZE":"268435456"}}}
