{"commitInfo":{"timestamp":1750326636277,"userId":"4042796083082360","userName":"azuser3548_mml.local@techademy.com","operation":"UPDATE","operationParameters":{"predicate":"[\"(VehicleType#12091 = Bike)\"]"},"notebook":{"notebookId":"4419187724732167"},"clusterId":"0612-043650-nhuexwr6","readVersion":0,"isolationLevel":"WriteSerializable","isBlindAppend":false,"operationMetrics":{"numRemovedFiles":"0","numRemovedBytes":"0","numCopiedRows":"0","numDeletionVectorsAdded":"1","numDeletionVectorsRemoved":"0","numAddedChangeFiles":"0","executionTimeMs":"2552","numDeletionVectorsUpdated":"0","scanTimeMs":"1148","numAddedFiles":"1","numUpdatedRows":"1","numAddedBytes":"3396","rewriteTimeMs":"1403"},"tags":{"noRowsCopied":"true","delta.rowTracking.preserved":"false","restoresDeletedRows":"false"},"engineInfo":"Databricks-Runtime/15.4.x-photon-scala2.12","txnId":"240dcb43-2bc4-4f7c-8cc4-3b9f77ffc551"}}
{"remove":{"path":"part-00000-8630ce64-4c8c-4a04-975c-c8ce2f38032a.c000.snappy.parquet","deletionTimestamp":1750326636274,"dataChange":true,"extendedFileMetadata":true,"partitionValues":{},"size":3770,"tags":{"INSERTION_TIME":"1750326557927000","MIN_INSERTION_TIME":"1750326557927000","MAX_INSERTION_TIME":"1750326557927000","OPTIMIZE_TARGET_SIZE":"268435456"},"stats":"{\"numRecords\":5,\"minValues\":{\"LogID\":\"L001\",\"VehicleID\":\"V001\",\"EntryPoint\":\"GateA\",\"ExitPoint\":\"GateA\",\"EntryTime\":\"2024-05-01T08:01:00.000Z\",\"ExitTime\":\"2024-05-01T08:20:00.000Z\",\"VehicleType\":\"Bike\",\"SpeedKMH\":40,\"TollPaid\":30,\"TripDurationMinutes\":18.0,\"SpeedRank\":1},\"maxValues\":{\"LogID\":\"L005\",\"VehicleID\":\"V005\",\"EntryPoint\":\"GateC\",\"ExitPoint\":\"GateD\",\"EntryTime\":\"2024-05-01T10:05:00.000Z\",\"ExitTime\":\"2024-05-01T10:40:00.000Z\",\"VehicleType\":\"Truck\",\"SpeedKMH\":80,\"TollPaid\":100,\"TripDurationMinutes\":35.0,\"SpeedRank\":2},\"nullCount\":{\"LogID\":0,\"VehicleID\":0,\"EntryPoint\":0,\"ExitPoint\":0,\"EntryTime\":0,\"ExitTime\":0,\"VehicleType\":0,\"SpeedKMH\":0,\"TollPaid\":0,\"TripDurationMinutes\":0,\"IsOverspeed\":0,\"SpeedRank\":0,\"LastExitTime\":5,\"IdleTimeMinutes\":5,\"IsBacktrack\":0},\"tightBounds\":false}"}}
{"add":{"path":"part-00000-a868a194-d312-4f1f-b731-c41a09905541.c000.snappy.parquet","partitionValues":{},"size":3396,"modificationTime":1750326635742,"dataChange":true,"stats":"{\"numRecords\":1,\"minValues\":{\"LogID\":\"L003\",\"VehicleID\":\"V003\",\"EntryPoint\":\"GateA\",\"ExitPoint\":\"GateD\",\"EntryTime\":\"2024-05-01T09:00:00.000Z\",\"ExitTime\":\"2024-05-01T09:18:00.000Z\",\"VehicleType\":\"Bike\",\"SpeedKMH\":55,\"TollPaid\":35,\"TripDurationMinutes\":18.0,\"SpeedRank\":1},\"maxValues\":{\"LogID\":\"L003\",\"VehicleID\":\"V003\",\"EntryPoint\":\"GateA\",\"ExitPoint\":\"GateD\",\"EntryTime\":\"2024-05-01T09:00:00.000Z\",\"ExitTime\":\"2024-05-01T09:18:00.000Z\",\"VehicleType\":\"Bike\",\"SpeedKMH\":55,\"TollPaid\":35,\"TripDurationMinutes\":18.0,\"SpeedRank\":1},\"nullCount\":{\"LogID\":0,\"VehicleID\":0,\"EntryPoint\":0,\"ExitPoint\":0,\"EntryTime\":0,\"ExitTime\":0,\"VehicleType\":0,\"SpeedKMH\":0,\"TollPaid\":0,\"TripDurationMinutes\":0,\"IsOverspeed\":0,\"SpeedRank\":0,\"LastExitTime\":1,\"IdleTimeMinutes\":1,\"IsBacktrack\":0},\"tightBounds\":true}","tags":{"MAX_INSERTION_TIME":"1750326557927000","INSERTION_TIME":"1750326557927000","MIN_INSERTION_TIME":"1750326557927000","OPTIMIZE_TARGET_SIZE":"268435456"}}}
{"add":{"path":"part-00000-8630ce64-4c8c-4a04-975c-c8ce2f38032a.c000.snappy.parquet","partitionValues":{},"size":3770,"modificationTime":1750326557927,"dataChange":true,"stats":"{\"numRecords\":5,\"minValues\":{\"LogID\":\"L001\",\"VehicleID\":\"V001\",\"EntryPoint\":\"GateA\",\"ExitPoint\":\"GateA\",\"EntryTime\":\"2024-05-01T08:01:00.000Z\",\"ExitTime\":\"2024-05-01T08:20:00.000Z\",\"VehicleType\":\"Bike\",\"SpeedKMH\":40,\"TollPaid\":30,\"TripDurationMinutes\":18.0,\"SpeedRank\":1},\"maxValues\":{\"LogID\":\"L005\",\"VehicleID\":\"V005\",\"EntryPoint\":\"GateC\",\"ExitPoint\":\"GateD\",\"EntryTime\":\"2024-05-01T10:05:00.000Z\",\"ExitTime\":\"2024-05-01T10:40:00.000Z\",\"VehicleType\":\"Truck\",\"SpeedKMH\":80,\"TollPaid\":100,\"TripDurationMinutes\":35.0,\"SpeedRank\":2},\"nullCount\":{\"LogID\":0,\"VehicleID\":0,\"EntryPoint\":0,\"ExitPoint\":0,\"EntryTime\":0,\"ExitTime\":0,\"VehicleType\":0,\"SpeedKMH\":0,\"TollPaid\":0,\"TripDurationMinutes\":0,\"IsOverspeed\":0,\"SpeedRank\":0,\"LastExitTime\":5,\"IdleTimeMinutes\":5,\"IsBacktrack\":0},\"tightBounds\":false}","tags":{"INSERTION_TIME":"1750326557927000","MIN_INSERTION_TIME":"1750326557927000","MAX_INSERTION_TIME":"1750326557927000","OPTIMIZE_TARGET_SIZE":"268435456"},"deletionVector":{"storageType":"u","pathOrInlineDv":"Pg%!t1[1-KIW1:/sPV?9","offset":1,"sizeInBytes":34,"cardinality":1}}}
