{"commitInfo":{"timestamp":1750326662037,"userId":"4042796083082360","userName":"azuser3548_mml.local@techademy.com","operation":"DELETE","operationParameters":{"predicate":"[\"(TripDurationMinutes#12094 > 60.0)\"]"},"notebook":{"notebookId":"4419187724732167"},"clusterId":"0612-043650-nhuexwr6","readVersion":1,"isolationLevel":"WriteSerializable","isBlindAppend":false,"operationMetrics":{"numRemovedFiles":"0","numRemovedBytes":"0","numCopiedRows":"0","numDeletionVectorsAdded":"0","numDeletionVectorsRemoved":"0","numAddedChangeFiles":"0","executionTimeMs":"122","numDeletionVectorsUpdated":"0","numDeletedRows":"0","scanTimeMs":"122","numAddedFiles":"0","numAddedBytes":"0","rewriteTimeMs":"0"},"tags":{"noRowsCopied":"true","delta.rowTracking.preserved":"false","restoresDeletedRows":"false"},"engineInfo":"Databricks-Runtime/15.4.x-photon-scala2.12","txnId":"84e1fe20-4e8d-4ab8-a17d-01f8413fd564"}}
